shape_id,route_id,service_id,trip_id,trip_headsign,trip_short_name,direction_id,block_id,wheelchair_accessible,bikes_allowed
3442,2,1,NORMAL_2_Katraj To Shivajinagar_Up-0610_0,Katraj To Shivajinagar,,,,,
3443,2,1,NORMAL_2_Shivajinagar To Katraj_Down-0930_0,Shivajinagar To Katraj,,,,,
2903,2,1,NORMAL_2_Shivaji Nagar To Naregaon_Down-1235_0,Shivaji Nagar To Naregaon,,,,,
2316,3,1,NORMAL_3_Swargate To Pune Station_Up-0600_0,Swargate To Pune Station,,,,,
3389,5,1,NORMAL_5_Pune Station To Swargate_Down-0530_0,Pune Station To Swargate,,,,,
2769,9,1,NORMAL_9_Hadapsar Gadital To Uruli Railway Station_Up-1735_0,Hadapsar Gadital To Uruli Railway Station,,,,,
3005,9,1,NORMAL_9_Uruli Railway Station To Hadapsar Gadital_Down-1855_0,Uruli Railway Station To Hadapsar Gadital,,,,,
3380,10,1,NORMAL_10_Swargate To Keshavnagar_Up-0545_0,Swargate To Keshavnagar,,,,,
2356,11,1,NORMAL_11_Marketyard To Pimplegurav_Up-0610_0,Marketyard To Pimplegurav,,,,,
2924,11,1,NORMAL_11_Pimplegurav To Marketyard_Down-1240_0,Pimplegurav To Marketyard,,,,,
4834,12,1,NORMAL_12_Upper Depot To Bhakti Shakti_Up-0730_0,Upper Depot To Bhakti Shakti,,,,,
3394,13,1,NORMAL_13_Upper Depot To Shivajinagar_Up-0535_0,Upper Depot To Shivajinagar,,,,,
3355,14,1,NORMAL_14_Dhayari Maruti Mandir To Kesnand Phata_Up-0540_0,Dhayari Maruti Mandir To Kesnand Phata,,,,,
4624,15,1,NORMAL_15_Swargate To Wagholi_Up-0530_0,Swargate To Wagholi,,,,,
2327,17,1,NORMAL_17_Narhegaon To Shaniwarwada_Down-0615_0,Narhegaon To Shaniwarwada,,,,,
3409,19,1,NORMAL_19_Shivajinagar To Kondhwa Hospital_Down-0600_0,Shivajinagar To Kondhwa Hospital,,,,,
4600,20,1,NORMAL_20_Maharashtra Housing Board Samtanagar To Sahakarnagar_Down-0900_0,Maharashtra Housing Board Samtanagar To Sahakarnagar,,,,,
2616,21,1,NORMAL_21_Swargate To Vasantdada Putala Sangvi_Up-0520_0,Swargate To Vasantdada Putala Sangvi,,,,,
2580,22,1,NORMAL_22_Khandoba Mandir To Shivajinagar_Up-0615_0,Khandoba Mandir To Shivajinagar,,,,,
4473,24,1,NORMAL_24_Katraj To Maharashtra Housing Board Samtanagar_Up-0520_0,Katraj To Maharashtra Housing Board Samtanagar,,,,,
2315,26,1,NORMAL_26_Dhankawadi To Shivajinagar_Up-0545_0,Dhankawadi To Shivajinagar,,,,,
2400,27,1,NORMAL_27_Bharati Vidyapeeth To Shivajinagar_Up-0605_0,Bharati Vidyapeeth To Shivajinagar,,,,,
3609,29,1,NORMAL_29_Swargate To Alandi_Up-1715_0,Swargate To Alandi,,,,,
2854,30,1,NORMAL_30_Marketyard To Ghotawade Phata_Up-0500_0,Marketyard To Ghotawade Phata,,,,,
2813,30,1,NORMAL_30_Ghotawade Phata To Marketyard_Down-0630_0,Ghotawade Phata To Marketyard,,,,,
2310,31,1,NORMAL_31_Taljai Pathar To Pune Station_Up-0530_0,Taljai Pathar To Pune Station,,,,,
2994,31,1,NORMAL_31_Pune Station To Taljai Pathar_Down-0725_0,Pune Station To Taljai Pathar,,,,,
2275,33,1,NORMAL_33_Taljai Pathar To Na Ta Wadi_Up-0620_0,Taljai Pathar To Na Ta Wadi,,,,,
2928,33,1,NORMAL_33_Na Ta Wadi To Taljai Pathar_Down-0730_0,Na Ta Wadi To Taljai Pathar,,,,,
3306,36,1,NORMAL_36_Ma Na Pa To Chinchwadgaon_Up-0530_0,Ma Na Pa To Chinchwadgaon,,,,,
2930,37,1,NORMAL_37_Na Ta Wadi To Sahkarnagar_Down-0610_0,Na Ta Wadi To Sahkarnagar,,,,,
3533,38,1,NORMAL_38_Dhankawadi To Na Ta Wadi_Up-0550_0,Dhankawadi To Na Ta Wadi,,,,,
3528,39,1,NORMAL_39_Dhankawadi To Pune Station_Up-0600_0,Dhankawadi To Pune Station,,,,,
3531,39,1,NORMAL_39_Pune Station To Dhankawadi_Down-0645_0,Pune Station To Dhankawadi,,,,,
2843,41,1,NORMAL_41_Upper Depot To Sangvi_Up-0705_0,Upper Depot To Sangvi,,,,,
2956,41,1,NORMAL_41_Sangvi To Upper Depot_Down-0835_0,Sangvi To Upper Depot,,,,,
4810,42,1,NORMAL_42_Katraj To Bhakti Shakti_Up-0530_0,Katraj To Bhakti Shakti,,,,,
4811,42,1,NORMAL_42_Bhakti Shakti To Katraj_Down-2110_0,Bhakti Shakti To Katraj,,,,,
5003,43,1,NORMAL_43_Katraj To Dange Chowk Via Chandani Chowk_Up-1525_0,Katraj To Dange Chowk Via Chandani Chowk,,,,,
5005,43,1,NORMAL_43_Balewadi Depo To Dange Chowk_Up-0705_0,Balewadi Depo To Dange Chowk,,,,,
4098,46,1,NORMAL_46_Swargate To Lohgaon Via Dhanori_Up-0520_0,Swargate To Lohgaon Via Dhanori,,,,,
2466,47,1,NORMAL_47_Sanaswadi Nandoshi To Shaniwarwada_Down-0650_0,Sanaswadi Nandoshi To Shaniwarwada,,,,,
3561,49,1,NORMAL_49_Khanapur To Pune Station_Down-0600_0,Khanapur To Pune Station,,,,,
3564,50,6,NORMAL_50_Sinhagad To Shaniwarwada_Down-0615_0,Sinhagad To Shaniwarwada,,,,,
3565,51,1,NORMAL_51_Shivajinagar To Dhayari Maruti Mandi_Up-0500_0,Shivajinagar To Dhayari Maruti Mandi,,,,,
3567,52,4,NORMAL_52_Swargate To Khanapur_Up-0600_0,Swargate To Khanapur,,,,,
4196,53,1,NORMAL_53_Mandai Stand To DSK Vishwa_Up-0530_0,Mandai Stand To DSK Vishwa,,,,,
4198,53,1,NORMAL_53_DSK Vishwa To Mandai Stand_Down-0620_0,DSK Vishwa To Mandai Stand,,,,,
4206,55,1,NORMAL_55_Suncity To Mandai_Up-0610_0,Suncity To Mandai,,,,,
4207,56,1,NORMAL_56_Vadgaon Bk To Mandai_Up-0625_0,Vadgaon Bk To Mandai,,,,,
4338,57,1,NORMAL_57_Pune Station To Vadgaon Bk_Up-0515_0,Pune Station To Vadgaon Bk,,,,,
3581,58,1,NORMAL_58_Shanipar To Gokhalenagar_Up-0540_0,Shanipar To Gokhalenagar,,,,,
3583,59,1,NORMAL_59_Shanipar To Niljyoti_Up-0550_0,Shanipar To Niljyoti,,,,,
4194,60,1,NORMAL_60_Mandai Stand To Ghulenagar_Up-0530_0,Mandai Stand To Ghulenagar,,,,,
4195,60,1,NORMAL_60_Ghulenagar To Mandai Stand_Down-0615_0,Ghulenagar To Mandai Stand,,,,,
2357,61,1,NORMAL_61_Nasrapur To Swargate_Down-0630_0,Nasrapur To Swargate,,,,,
2255,61,1,NORMAL_61_Swargate To Nasrapur_Up-1755_0,Swargate To Nasrapur,,,,,
4645,62,1,NORMAL_62_Upper Depot To Sangmwadi Phata_Up-0535_0,Upper Depot To Sangmwadi Phata,,,,,
4701,63,1,NORMAL_63_Swargate To Kalyaninagar_Up-0530_0,Swargate To Kalyaninagar,,,,,
4884,64,1,NORMAL_64_Nehru Stadium To NDA 10 No Gate Bus Stand Via Dattawadi_Up-0540_0,Nehru Stadium To NDA 10 No Gate Bus Stand Via Dattawadi,,,,,
4885,64,1,NORMAL_64_NDA 10 No Gate Bus Stand To Nehru Stadium Via Dattawadi_Down-0645_0,NDA 10 No Gate Bus Stand To Nehru Stadium Via Dattawadi,,,,,
4868,66,1,NORMAL_66_Marketyard To Agalambe (Thakarwadi)_Up-0500_0,Marketyard To Agalambe (Thakarwadi),,,,,
3187,67,1,NORMAL_67_Swargate To Kharadi_UP-0525_0,Swargate To Kharadi,,,,,
2838,69,1,NORMAL_69_Ghotawadegaon To Marketyard_Down-0630_0,Ghotawadegaon To Marketyard,,,,,
3601,70,1,NORMAL_70_Deccan Gymkhana To Sheregaon_Up-0725_0,Deccan Gymkhana To Sheregaon,,,,,
4973,71,1,NORMAL_71_Kothrud Depot To Sukhsagarnagar_Up-0530_0,Kothrud Depot To Sukhsagarnagar,,,,,
4886,72,1,NORMAL_72_Upper Depot To NDA 10 No Gate Bus Stand_Up-0645_0,Upper Depot To NDA 10 No Gate Bus Stand,,,,,
5062,72,1,NORMAL_72_Kondhwagate To Upper Depot_Down-0750_0,Kondhwagate To Upper Depot,,,,,
4650,75,1,NORMAL_75_Vidyanagar To Deccan Gymkhana_Down-0630_0,Vidyanagar To Deccan Gymkhana,,,,,
4707,76,1,NORMAL_76_Kumbare Park To Nehru Stadium_Up-0640_0,Kumbare Park To Nehru Stadium,,,,,
3617,77,1,NORMAL_77_Warje Malwadi To Warje Malwadi_Round-0700_0,Warje Malwadi To Warje Malwadi,,,,,
4888,78,1,NORMAL_78_Marketyard To NDA 10 No Gate Bus Stand_Up-0540_0,Marketyard To NDA 10 No Gate Bus Stand,,,,,
4889,78,1,NORMAL_78_NDA 10 No Gate Bus Stand To Marketyard_Down-0650_0,NDA 10 No Gate Bus Stand To Marketyard,,,,,
4136,80,1,NORMAL_80_Cipla Center To Ma Na Pa_Down-0840_0,Cipla Center To Ma Na Pa,,,,,
4830,80,1,NORMAL_80_Ma Na Pa To Cipla Center To Ma Na Pa_Round-0920_0,Ma Na Pa To Cipla Center To Ma Na Pa,,,,,
4831,80,1,NORMAL_80_Ma Na Pa To Garden City To Ma Na Pa_Round-1100_0,Ma Na Pa To Garden City To Ma Na Pa,,,,,
3626,81,1,NORMAL_81_Kumbare Park To Pune Station_Up-0750_0,Kumbare Park To Pune Station,,,,,
4908,82,1,NORMAL_82_NDA 10 No Gate Bus Stand To MaNaPa To Kondhwagate_Round-0620_0,NDA 10 No Gate Bus Stand To MaNaPa To Kondhwagate,,,,,
2868,84,1,NORMAL_84_Sangrun To Deccan Gymkhana_Down-0635_0,Sangrun To Deccan Gymkhana,,,,,
2955,84,1,NORMAL_84_Deecan To Bahuli_Up-0650_0,Deecan To Bahuli,,,,,
3631,85,1,NORMAL_85_Mohakarwadi To Ma Na Pa_Down-0705_0,Mohakarwadi To Ma Na Pa,,,,,
3630,85,1,NORMAL_85_Ma Na Pa To Mohakarwadi_Up-0825_0,Ma Na Pa To Mohakarwadi,,,,,
3450,87,1,NORMAL_87_Sutarwadi Pashan To Deccan Gymkhana (Vai Bhagvatinagar)_Down-0630_0,Sutarwadi Pashan To Deccan Gymkhana (Vai Bhagvatinagar),,,,,
4656,87,1,NORMAL_87_Deccan Gymkhana To Susgaon Thaksen Nagar_Up-1040_0,Deccan Gymkhana To Susgaon Thaksen Nagar,,,,,
4986,88,1,NORMAL_88_Swargate To Hinjawadi Maan Phase 3_Up-0515_0,Swargate To Hinjawadi Maan Phase 3,,,,,
4987,88,1,NORMAL_88_Hinjawadi Maan Phase 3 To Swargate_Down-0650_0,Hinjawadi Maan Phase 3 To Swargate,,,,,
3459,89,1,NORMAL_89_Swargate To Niljyoti_Up-0550_0,Swargate To Niljyoti,,,,,
3464,90,1,NORMAL_90_Swargate To Gokhalenagar_Up-0530_0,Swargate To Gokhalenagar,,,,,
4280,91,1,NORMAL_91_Ishannagari To Ma Na Pa Congress Bhavan_Down-0850_0,Ishannagari To Ma Na Pa Congress Bhavan,,,,,
3311,93,1,NORMAL_93_Deccan Gymkhana To Kothrud Depot_Up-2110_0,Deccan Gymkhana To Kothrud Depot,,,,,
3470,93,1,NORMAL_93_Kothrud Depot To Deccan Gymkhana_Down-0620_0,Kothrud Depot To Deccan Gymkhana,,,,,
3632,94,1,NORMAL_94_Kothrud Depot To Pune Station_Up-0535_0,Kothrud Depot To Pune Station,,,,,
3633,94,1,NORMAL_94_Pune Station To Kothrud Depot_Down-0625_0,Pune Station To Kothrud Depot,,,,,
3473,97,1,NORMAL_97_Warje Malwadi To Sahkarnagar_Up-1130_0,Warje Malwadi To Sahkarnagar,,,,,
4603,98,1,NORMAL_98_Deccan Gymkhana To Deccan Gymkhana_Round-0600_0,Deccan Gymkhana To Deccan Gymkhana,,,,,
4475,100,1,NORMAL_100_Ma Na Pa to Hinjawadi Maan Phase 3_Up-0500_0,Ma Na Pa to Hinjawadi Maan Phase 3,,,,,
4476,100,1,NORMAL_100_Hinjawadi Maan Phase 3 to Ma Na Pa_Down-1645_0,Hinjawadi Maan Phase 3 to Ma Na Pa,,,,,
4953,101,1,NORMAL_101_Kothrud Depot To Kondhwa Kh_Up-0650_0,Kothrud Depot To Kondhwa Kh,,,,,
4954,101,1,NORMAL_101_Kondhwa Kh To Kothrud Depot_Down-0755_0,Kondhwa Kh To Kothrud Depot,,,,,
3392,102,1,NORMAL_102_Kothrud Depot To Lohgaon_Up-0520_0,Kothrud Depot To Lohgaon,,,,,
3479,103,1,NORMAL_103_Kothrud Depot To Katraj_Down-0620_0,Kothrud Depot To Katraj,,,,,
4499,103,1,NORMAL_103_Katraj To Kothrud Depot (Ladies Sp)_Up-0720_2,Katraj To Kothrud Depot (Ladies Sp),,,,,
3427,104,1,NORMAL_104_Deccan Gymkhana To DSK Vishwa_Up-0530_0,Deccan Gymkhana To DSK Vishwa,,,,,
3433,105,1,NORMAL_105_Balewadi Depot To Deccan Gymkhana_Down-0620_0,Balewadi Depot To Deccan Gymkhana,,,,,
4200,106,1,NORMAL_106_Kothrud Depot To Dhayari Maruti Mandir_Up-0600_0,Kothrud Depot To Dhayari Maruti Mandir,,,,,
3197,107,1,NORMAL_107_Gharkul Vasahat Warje To Pimplegurav_Down-0530_0,Gharkul Vasahat Warje To Pimplegurav,,,,,
3486,108,1,NORMAL_108_Sutardara To Pune Station_Up-0730_0,Sutardara To Pune Station,,,,,
4633,109,1,NORMAL_109_Manapa To Bavdhan (Nyati Society) Puranik Complex_Up-0655_0,Manapa To Bavdhan (Nyati Society) Puranik Complex,,,,,
3488,109,1,NORMAL_109_Ma Na Pa To Ma Na Pa_Round-0600_0,Ma Na Pa To Ma Na Pa,,,,,
3492,111,1,NORMAL_111_Bhekrainagar To Ma Na Pa_Up-0535_0,Bhekrainagar To Ma Na Pa,,,,,
4484,111,1,NORMAL_111_Bhekrainagar To Ma Na Pa (Ladies Sp)_Up-0805_0,Bhekrainagar To Ma Na Pa (Ladies Sp),,,,,
3252,113,1,NORMAL_113_Mandai Stand To Vasantdada Putala Sangvi Mandai Stand_Round-0650_0,Mandai Stand To Vasantdada Putala Sangvi Mandai Stand,,,,,
3499,114,1,NORMAL_114_Mhalungegaon To Ma Na Pa_Down-0520_0,Mhalungegaon To Ma Na Pa,,,,,
3501,116,1,NORMAL_116_Ma Na Pa To Khadki Bazar_Up-0600_0,Ma Na Pa To Khadki Bazar,,,,,
3503,117,1,NORMAL_117_Swargate To Dhayari Maruti Mandir_Up-0535_0,Swargate To Dhayari Maruti Mandir,,,,,
3506,118,1,NORMAL_118_Swargate To Venutai Chavan College_Up-0545_0,Swargate To Venutai Chavan College,,,,,
3395,118,1,NORMAL_118_Swargate To Suncity_Up-0540_0,Swargate To Suncity,,,,,
3375,119,1,NORMAL_119_Ma Na Pa To Alandi_Up-0530_0,Ma Na Pa To Alandi,,,,,
5044,120,1,NORMAL_120_Bhosari To Mhalunge MIDC_Up-0555_0,Bhosari To Mhalunge MIDC,,,,,
4823,121,1,NORMAL_121_Bhosari Terminal To Ma Na Pa_Down-0510_0,Bhosari Terminal To Ma Na Pa,,,,,
4818,122,1,NORMAL_122_Chinchwadgaon To Ma Na Pa_Down-0515_0,Chinchwadgaon To Ma Na Pa,,,,,
4735,123,1,NORMAL_123_Ma Na Pa To Bhakti Shakti_Up-0550_0,Ma Na Pa To Bhakti Shakti,,,,,
3513,125,1,NORMAL_125_Bopkhel To Sangvigaon_Up-0600_0,Bopkhel To Sangvigaon,,,,,
3540,126,1,NORMAL_126_Pimplenilakh To Vishrantwadi_Down-0725_0,Pimplenilakh To Vishrantwadi,,,,,
4552,127,1,NORMAL_127_Swargate to Vadgaon Mawal_Up-0645_0,Swargate to Vadgaon Mawal,,,,,
3541,128,1,NORMAL_128_Ma Na Pa To Bopkhel_Up-0555_0,Ma Na Pa To Bopkhel,,,,,
3445,130,1,NORMAL_130_Yewalewadi To Shivajinagar_Up-0625_0,Yewalewadi To Shivajinagar,,,,,
4545,131,1,NORMAL_131_Ma Na Pa to Vadgaon Shinde_Up-0530_0,Ma Na Pa to Vadgaon Shinde,,,,,
4546,131,1,NORMAL_131_Vadgaon Shinde to Ma Na Pa_Down-0640_0,Vadgaon Shinde to Ma Na Pa,,,,,
3173,132,1,NORMAL_132_Ma Na Pa To Shubham Society Nagar Road_UP-0530_0,Ma Na Pa To Shubham Society Nagar Road,,,,,
5046,133,1,NORMAL_133_Ma Na Pa To Wadgaonsheri (Via Anand Park)_Up-0540_0,Ma Na Pa To Wadgaonsheri (Via Anand Park),,,,,
3200,133,1,NORMAL_133_Ma Na Pa To Anand Park_Up-0530_0,Ma Na Pa To Anand Park,,,,,
3543,134,1,NORMAL_134_Pune Station To Vidyanagar_Up-0600_0,Pune Station To Vidyanagar,,,,,
4586,135,1,NORMAL_135_Pune Station To Wadebolhai_Up-0530_0,Pune Station To Wadebolhai,,,,,
3547,136,1,NORMAL_136_Pune Station To Vadegaon_Up-0650_0,Pune Station To Vadegaon,,,,,
4853,139,1,NORMAL_139_Bhakti Shakti To Shewalwadi_Down-0630_0,Bhakti Shakti To Shewalwadi,,,,,
4854,139,1,NORMAL_139_Nigdi To Bhekrai nagar_Down-0615_0,Nigdi To Bhekrai nagar,,,,,
3398,140,1,NORMAL_140_Upper Depot To Pune Station_Up-0530_0,Upper Depot To Pune Station,,,,,
3551,141,1,NORMAL_141_Khandoba Mandir To Pune Station_Up-0600_0,Khandoba Mandir To Pune Station,,,,,
3554,142,1,NORMAL_142_Pune Station To Ghotawade Phata_Up-0530_0,Pune Station To Ghotawade Phata,,,,,
2670,143,1,NORMAL_143_Galinde Path To Pune Station (Vai Mhatre Pul)_Up-0530_0,Galinde Path To Pune Station (Vai Mhatre Pul),,,,,
3840,144,1,NORMAL_144_Kothrud Stand To Pune Station_Up-0530_0,Kothrud Stand To Pune Station,,,,,
3572,145,1,NORMAL_145_Pune Station To NDA Gol Market_Up-1120_0,Pune Station To NDA Gol Market,,,,,
4189,145,1,NORMAL_145_Sutarwadi Pashan To Pune Station_Down-0530_0,Sutarwadi Pashan To Pune Station,,,,,
3874,146,1,NORMAL_146_Pune Station To Niljyoti Society_Up-0730_0,Pune Station To Niljyoti Society,,,,,
3576,147,1,NORMAL_147_Pune Station To Nhavi Sandas_Up-0530_0,Pune Station To Nhavi Sandas,,,,,
3878,148,1,NORMAL_148_Shewalwadi To Pimple Gurav_Up-0530_0,Shewalwadi To Pimple Gurav,,,,,
4981,149,1,NORMAL_149_Shewalwadi To Pimprigaon_Up-0510_0,Shewalwadi To Pimprigaon,,,,,
4629,149,1,NORMAL_149_Shewalwadi To Bhakti Shakti_Up-0500_0,Shewalwadi To Bhakti Shakti,,,,,
4553,150,1,NORMAL_150_Pune Station Depo To Pimplegurav Via Wakdewadi Khadki Station Buddha Vihar_Up-0830_0,Pune Station Depo To Pimplegurav Via Wakdewadi Khadki Station Buddha Vihar,,,,,
3634,151,1,NORMAL_151_Pune Station To Alandi_Up-0605_0,Pune Station To Alandi,,,,,
3635,151,1,NORMAL_151_Alandi To Pune Station_Down-1420_0,Alandi To Pune Station,,,,,
3353,152,1,NORMAL_152_MNP To Dhanori / KamalPark Via Lohagaon_Up-0600_0,MNP To Dhanori / KamalPark Via Lohagaon,,,,,
4604,154,1,NORMAL_154_Pune Station To Vishrantwadi_Up-0555_0,Pune Station To Vishrantwadi,,,,,
4605,154,1,NORMAL_154_Vishrantwadi To Sasoon Hospital_Down-1335_0,Vishrantwadi To Sasoon Hospital,,,,,
3880,155,1,NORMAL_155_Pune Station To Lohgaon (Via Dhanori)_Up-0520_0,Pune Station To Lohgaon (Via Dhanori),,,,,
3884,158,1,NORMAL_158_Ma Na Pa To Lohgaon_Up-0745_0,Ma Na Pa To Lohgaon,,,,,
3885,158,1,NORMAL_158_Lohgaon To Ma Na Pa_Down-1650_0,Lohgaon To Ma Na Pa,,,,,
5054,159,1,NORMAL_159_Ma Na Pa To Talegaon Dhamdhere_UP-0710_0,Ma Na Pa To Talegaon Dhamdhere,,,,,
4149,160,1,NORMAL_160_Ganpati Matha To Keshavnagar_Up-0555_1,Ganpati Matha To Keshavnagar,,,,,
2932,161,1,NORMAL_161_Warje Malwadi To Vimannagar_Up-0540_0,Warje Malwadi To Vimannagar,,,,,
3967,162,1,NORMAL_162_Pune Station To Kendurgaon_Up-0500_0,Pune Station To Kendurgaon,,,,,
3980,162,1,NORMAL_162_Kendurgaon To Pune Station_Down-0625_0,Kendurgaon To Pune Station,,,,,
5001,163,1,NORMAL_163_Pune Station To Kharadi Gaon (Dhole Patil College)_Up-0520_0,Pune Station To Kharadi Gaon (Dhole Patil College),,,,,
1059,164,1,NORMAL_164_Swargate To Vimannagar_UP-0545_0,Swargate To Vimannagar,,,,,
3179,165,1,NORMAL_165_Ma Na Pa To Wadgaonsheri_Up-0530_0,Ma Na Pa To Wadgaonsheri,,,,,
3191,166,1,NORMAL_166_Pune Station To Viman Nagar_UP-0540_0,Pune Station To Viman Nagar,,,,,
4626,167,1,NORMAL_167_Hadapsar Gadital To Kesnand Phata_Up-0545_0,Hadapsar Gadital To Kesnand Phata,,,,,
4627,167,1,NORMAL_167_Kesnand Phata To Hadapsar Gadital_Down-2200_0,Kesnand Phata To Hadapsar Gadital,,,,,
3590,168,1,NORMAL_168_Ma Na Pa To Keshavnagar_Up-0520_0,Ma Na Pa To Keshavnagar,,,,,
4995,169,1,NORMAL_169_Ma Na Pa Dengle Pul To Vadgaon Sheri Via Kalyaninagar (Ladies Sp)_Up-0735_0,Ma Na Pa Dengle Pul To Vadgaon Sheri Via Kalyaninagar (Ladies Sp),,,,,
4661,169,1,NORMAL_169_Ma Na Pa To Keshavnagar (Vai Koregaon Park)_Up-0535_0,Ma Na Pa To Keshavnagar (Vai Koregaon Park),,,,,
3595,170,1,NORMAL_170_Pune Station To Kondhwa Bk_Up-0510_0,Pune Station To Kondhwa Bk,,,,,
4611,172,1,NORMAL_172_Hadapsar Gadital To Vadgaon Sheri_Up-0600_0,Hadapsar Gadital To Vadgaon Sheri,,,,,
4891,174,1,NORMAL_174_Pune Station To NDA 10 No Gate Bus Stand_Up-0500_0,Pune Station To NDA 10 No Gate Bus Stand,,,,,
4909,175,1,NORMAL_175_Ma Na Pa To Hadapsar Gadital_Up-0620_0,Ma Na Pa To Hadapsar Gadital,,,,,
3664,177,1,NORMAL_177_Pune Station To Salunke Vihar_Up-0520_0,Pune Station To Salunke Vihar,,,,,
3666,179,1,NORMAL_179_Swargate To Vadachiwadi_Up-0835_0,Swargate To Vadachiwadi,,,,,
3639,180,1,NORMAL_180_Bhekrainagar To Na Ta Wadi_Down-0520_0,Bhekrainagar To Na Ta Wadi,,,,,
3668,181,1,NORMAL_181_Na Ta Wadi To Kondhwa Kh_Up-0635_0,Na Ta Wadi To Kondhwa Kh,,,,,
4721,185,1,NORMAL_185_Hadapsar Gadital To Railway Crossing Manjri_Up-0600_0,Hadapsar Gadital To Railway Crossing Manjri,,,,,
3890,186,1,NORMAL_186_Pune Station To Jspm College_Down-0515_0,Pune Station To Jspm College,,,,,
3640,187,1,NORMAL_187_Bhekrainagar To Pune Station_Up-0545_0,Bhekrainagar To Pune Station,,,,,
3643,188,1,NORMAL_188_Hadapsar Gadital To Katraj_Up-0600_0,Hadapsar Gadital To Katraj,,,,,
4618,189,1,NORMAL_189_Hadapsar Gadital To Devachi Uruli (Dhangar Vasti)_Up-0600_0,Hadapsar Gadital To Devachi Uruli (Dhangar Vasti),,,,,
3896,190,1,NORMAL_190_Hadapsar Gadital To Fursungi_Up-0530_0,Hadapsar Gadital To Fursungi,,,,,
3647,191,1,NORMAL_191_Pune Station To Trinity College_Up-0600_0,Pune Station To Trinity College,,,,,
4542,192,1,NORMAL_192_Undrigaon To Hadapsar Gadital_Down-2210_0,Undrigaon To Hadapsar Gadital,,,,,
4678,192,1,NORMAL_192_Hadapsar Gadital To Vadachiwadi_Up-0600_0,Hadapsar Gadital To Vadachiwadi,,,,,
3651,193,1,NORMAL_193_Hadapsar Gadital To Uruli Kanchan_Up-0600_0,Hadapsar Gadital To Uruli Kanchan,,,,,
4531,194,1,NORMAL_194_Swargate To Undri Pisoli (Jagdamba Bhavan)_Up-0545_0,Swargate To Undri Pisoli (Jagdamba Bhavan),,,,,
4529,194,1,NORMAL_194_Undri Pisoli (Jagdamba Bhavan) To Swargate_Down-0650_0,Undri Pisoli (Jagdamba Bhavan) To Swargate,,,,,
3653,195,1,NORMAL_195_Hadapsar Gadital To Holkarwadi_Up-0600_1,Hadapsar Gadital To Holkarwadi,,,,,
5067,196,1,NORMAL_196_Swargate To Tukaidarshan Kaleborate Nagar_Up-0555_0,Swargate To Tukaidarshan Kaleborate Nagar,,,,,
3655,197,1,NORMAL_197_Hadapsar Gadital To Kothrud Depot_Up-0525_0,Hadapsar Gadital To Kothrud Depot,,,,,
3898,200,1,NORMAL_200_Sadesatranali To Swargate_Up-0810_0,Sadesatranali To Swargate,,,,,
3657,201,1,NORMAL_201_Bhekrainagar To Alandi_Up-0800_0,Bhekrainagar To Alandi,,,,,
3901,202,1,NORMAL_202_Hadapsar Gadital To Warje Malwadi_Up-0530_0,Hadapsar Gadital To Warje Malwadi,,,,,
4352,203,1,NORMAL_203_Pune Station To Bhekarai Depot_Down-0610_0,Pune Station To Bhekarai Depot,,,,,
3308,204,1,NORMAL_204_Bhekrainagar To Chinchwad Gaon_Up-0500_0,Bhekrainagar To Chinchwad Gaon,,,,,
3661,205,1,NORMAL_205_Hadapsar Gadital To Vasantdada Putala Sangvi_Up-0600_0,Hadapsar Gadital To Vasantdada Putala Sangvi,,,,,
3669,206,1,NORMAL_206_Hadapsar Gadital To Vishalnagar_Up-0545_0,Hadapsar Gadital To Vishalnagar,,,,,
4344,207,1,NORMAL_207_Swargate To Saswad_Up-2150_0,Swargate To Saswad,,,,,
3940,208,1,NORMAL_208_Hadapsar Gadital To Hinjawadi Maan Phase 3_Up-0600_0,Hadapsar Gadital To Hinjawadi Maan Phase 3,,,,,
5022,209,1,NORMAL_209_Katraj To Narayanpur_Up-0630_0,Katraj To Narayanpur,,,,,
5020,209,1,NORMAL_209_Saswad Bus Stand To Katraj_Down-0830_0,Saswad Bus Stand To Katraj,,,,,
1066,213,1,NORMAL_213_Katraj To Vimananagar_UP-0600_0,Katraj To Vimananagar,,,,,
4850,214,1,NORMAL_214_Katraj To Sinhgad Collage_Up-0625_0,Katraj To Sinhgad Collage,,,,,
4439,215,1,NORMAL_215_Swargate To Chintamani Dyanpith_Up-1000_0,Swargate To Chintamani Dyanpith,,,,,
3517,216,1,NORMAL_216_Bharati Vidyapeeth To Bharati Vidyapeeth_Round-0625_0,Bharati Vidyapeeth To Bharati Vidyapeeth,,,,,
4311,217,1,NORMAL_217_Mandai Stand To Gujarwadi_Down-0615_0,Mandai Stand To Gujarwadi,,,,,
4882,227,1,NORMAL_227_Marketyard To Marnewadi_Up-0510_0,Marketyard To Marnewadi,,,,,
4883,227,1,NORMAL_227_Marnewadi To Marketyard_Down-0650_0,Marnewadi To Marketyard,,,,,
3679,230,1,NORMAL_230_Bharati Vidyapeeth To Pune Station_Up-0545_0,Bharati Vidyapeeth To Pune Station,,,,,
4877,233,1,NORMAL_233_ST Stand Paud To Marketyard_Down-0640_0,ST Stand Paud To Marketyard,,,,,
4876,233,1,NORMAL_233_Marketyard To ST Stand Paud_Up-0850_0,Marketyard To ST Stand Paud,,,,,
3185,234,1,NORMAL_234_Ma Na Pa To Kharadi Gaon_Up-0530_0,Ma Na Pa To Kharadi Gaon,,,,,
1120,235,1,NORMAL_235_Katraj To Kharadi Gaon_Up-0520_0,Katraj To Kharadi Gaon,,,,,
3177,236,1,NORMAL_236_Ma Na Pa To Khulewadi_UP-0550_0,Ma Na Pa To Khulewadi,,,,,
1080,237,1,NORMAL_237_Warje Malwadi To Kharadi gaon_UP-0520_0,Warje Malwadi To Kharadi gaon,,,,,
4705,252,1,NORMAL_252_Ma Na Pa Bhavan To Charholi Gaon_Up-0530_0,Ma Na Pa Bhavan To Charholi Gaon,,,,,
3327,253,1,NORMAL_253_Upper Depot To Vidyanagar_Up-0520_0,Upper Depot To Vidyanagar,,,,,
4218,255,1,NORMAL_255_Sutarwadi Bus Stand To Pimplegurav_Up-0600_0,Sutarwadi Bus Stand To Pimplegurav,,,,,
3951,256,1,NORMAL_256_Balewadi Depot To Ma Na Pa_Down-0645_0,Balewadi Depot To Ma Na Pa,,,,,
3239,257,1,NORMAL_257_Alandi To Kesnand Phata via Markal_Down-0630_0,Alandi To Kesnand Phata via Markal,,,,,
3718,264,1,NORMAL_264_Bahulgaon To Ma Na Pa_Down-0715_0,Bahulgaon To Ma Na Pa,,,,,
4162,275,1,NORMAL_275_Kothrud Stand To Chinchwadgaon_Up-0545_0,Kothrud Stand To Chinchwadgaon,,,,,
3285,276,1,NORMAL_276_Warje Malawadi To Chinchwad Gaon Up_Up-0525_0,Warje Malawadi To Chinchwad Gaon Up,,,,,
4895,277,1,NORMAL_277_NDA 10 No Gate Bus Stand To Khadki Bazar_Up-0555_0,NDA 10 No Gate Bus Stand To Khadki Bazar,,,,,
4897,277,1,NORMAL_277_Khadki Bazar To NDA 10 No Gate Bus Stand_Down-0700_0,Khadki Bazar To NDA 10 No Gate Bus Stand,,,,,
3992,279,1,NORMAL_279_Khamboli To Deccan Gymkhana_Down-0700_0,Khamboli To Deccan Gymkhana,,,,,
4746,281,1,NORMAL_281_Warje Malwadi To Bhakti Shakti_Up-0530_0,Warje Malwadi To Bhakti Shakti,,,,,
4748,282,1,NORMAL_282_Warje Malwadi To Bhosari Terminal_Up-0555_0,Warje Malwadi To Bhosari Terminal,,,,,
4750,284,1,NORMAL_284_Kothrud Depot To Bhakti Shakti_Up-0555_0,Kothrud Depot To Bhakti Shakti,,,,,
4029,291,1,NORMAL_291_Katraj To Hadapsar Gadital_Up-0530_0,Katraj To Hadapsar Gadital,,,,,
4010,292,1,NORMAL_292_Swargate To Kondhanpur_Up-0720_0,Swargate To Kondhanpur,,,,,
4835,293,1,NORMAL_293_Kapurhoal To Swargate_Down-0535_0,Kapurhoal To Swargate,,,,,
4082,294,1,NORMAL_294_Katraj To Khadakwasla To Katraj_Round-0630_0,Katraj To Khadakwasla To Katraj,,,,,
4034,295,1,NORMAL_295_Ambegaon To Pune Station_Up-0610_0,Ambegaon To Pune Station,,,,,
4036,296,1,NORMAL_296_Jambhulwadi To Shivajinagar_Up-0540_0,Jambhulwadi To Shivajinagar,,,,,
3706,297,1,NORMAL_297_Shivajinagar To Rajas Society_Down-0825_0,Shivajinagar To Rajas Society,,,,,
3310,298,1,NORMAL_298_Katraj To Chinchwad Gaon_Up-0515_0,Katraj To Chinchwad Gaon,,,,,
4752,299,1,NORMAL_299_Katraj To Bhosarigaon_Up-0600_0,Katraj To Bhosarigaon,,,,,
4400,300,5,NORMAL_300_Dhayari To kirkatwadi_Up-0615_0,Dhayari To kirkatwadi,,,,,
4349,301,1,NORMAL_301_Shewalwadi To Katraj_Down-0655_0,Shewalwadi To Katraj,,,,,
4348,301,1,NORMAL_301_Katraj To Shewalwadi_Up-1030_0,Katraj To Shewalwadi,,,,,
4039,302,1,NORMAL_302_Gavhanevasti Bhosari To Pimprigaon_Down-0535_0,Gavhanevasti Bhosari To Pimprigaon,,,,,
4013,303,1,NORMAL_303_Nigdi To Akurdi Railway Station_Up-0545_0,Nigdi To Akurdi Railway Station,,,,,
4055,304,1,NORMAL_304_Gavhanevasti Bhosari To Chinchwadgaon_Down-0530_0,Gavhanevasti Bhosari To Chinchwadgaon,,,,,
4054,304,1,NORMAL_304_Chinchwadgaon To Gavhanevasti Bhosari_Up-0610_0,Chinchwadgaon To Gavhanevasti Bhosari,,,,,
4017,305,1,NORMAL_305_Nigdi To Vadgaon Mawal_Up-2130_0,Nigdi To Vadgaon Mawal,,,,,
4043,307,1,NORMAL_307_Chinchwadgaon To Walhekarwadi_Up-0550_0,Chinchwadgaon To Walhekarwadi,,,,,
3753,308,1,NORMAL_308_Bhakti Shakti To Gharkul Vasahat Chikhli_Up-0600_1,Bhakti Shakti To Gharkul Vasahat Chikhli,,,,,
3757,309,1,NORMAL_309_Alandi To Dehugaon_Up-0600_0,Alandi To Dehugaon,,,,,
4754,310,1,NORMAL_310_Pune Station To Walhekarwadi_Up-0540_0,Pune Station To Walhekarwadi,,,,,
4859,311,1,NORMAL_311_Pune Station To Pimprigaon_Up-0600_0,Pune Station To Pimprigaon,,,,,
4759,312,1,NORMAL_312_Chinchwadgaon To Pune Station_Down-1520_0,Chinchwadgaon To Pune Station,,,,,
4328,313,1,NORMAL_313_Pimpri Depot To Chinchwadgaon_Up-0510_0,Pimpri Depot To Chinchwadgaon,,,,,
4364,313,1,NORMAL_313_Chinchwadgaon To Chandkhed_Up-0530_0,Chinchwadgaon To Chandkhed,,,,,
4623,314,1,NORMAL_314_Bhakti Shakti To Mhalunge Gaon / Dwarka City Phata (Y Junction)_Up-0535_0,Bhakti Shakti To Mhalunge Gaon / Dwarka City Phata (Y Junction),,,,,
4843,315,1,NORMAL_315_Dudulgaon To Pune Station Via Bhosari Nashik Phata_Down-0500_0,Dudulgaon To Pune Station Via Bhosari Nashik Phata,,,,,
3792,316,1,NORMAL_316_Chinchwadgaon To Hinjawadi Maan Phase 3_Up-0845_0,Chinchwadgaon To Hinjawadi Maan Phase 3,,,,,
4761,317,1,NORMAL_317_Sambhajinagar To Pune Station_Down-0820_0,Sambhajinagar To Pune Station,,,,,
3282,318,1,NORMAL_318_Gharkul Vasahat To Pune Station_Down-0730_0,Gharkul Vasahat To Pune Station,,,,,
3796,319,1,NORMAL_319_Alandi To Vadgaon Mawal_Up-0645_0,Alandi To Vadgaon Mawal,,,,,
4765,320,1,NORMAL_320_Mahalungegaon To Alandi_Down-0600_0,Mahalungegaon To Alandi,,,,,
4968,321,1,NORMAL_321_Bhakti Shakti To Pimple Nilakh_Up-0545_0,Bhakti Shakti To Pimple Nilakh,,,,,
4922,322,1,NORMAL_322_Akurdi Railway Station To Ma Na Pa River Side_Down-0930_0,Akurdi Railway Station To Ma Na Pa River Side,,,,,
4768,323,1,NORMAL_323_Gharkul To PMC_Up-0545_0,Gharkul To PMC,,,,,
4766,323,1,NORMAL_323_Ma Na Pa To Chikhali_Up-1535_0,Ma Na Pa To Chikhali,,,,,
3659,324,1,NORMAL_324_Bhosari To Hinjawadi Maan Phase 3_Up-0540_0,Bhosari To Hinjawadi Maan Phase 3,,,,,
4770,325,1,NORMAL_325_Pune Station To Masulkar Colony_Up-0750_0,Pune Station To Masulkar Colony,,,,,
3973,326,2,NORMAL_326_Pimprigaon To Chikhali_Up-1115_1,Pimprigaon To Chikhali,,,,,
4910,327,1,NORMAL_327_Alandi To Hinjawadi Maan Phase 3_Up-0550_0,Alandi To Hinjawadi Maan Phase 3,,,,,
4433,328,1,NORMAL_328_Nigdi To Rupeenagar_Up-0540_0,Nigdi To Rupeenagar,,,,,
4878,330,1,NORMAL_330_Akurdi Railway Station To Chikhali_Up-0540_0,Akurdi Railway Station To Chikhali,,,,,
3851,331,1,NORMAL_331_Bhosari To Rahatnigaon_Up-0715_0,Bhosari To Rahatnigaon,,,,,
4175,332,1,NORMAL_332_Pimpri Depot To Pimple Sudagar_Down-0710_0,Pimpri Depot To Pimple Sudagar,,,,,
4428,333,1,NORMAL_333_Pune Station To  Hinjawadi Maan Phase 3_Up-0540_0,Pune Station To  Hinjawadi Maan Phase 3,,,,,
3827,334,1,NORMAL_334_Gharkul Vasahat Chikhali To Pimprigaon_Down-0630_0,Gharkul Vasahat Chikhali To Pimprigaon,,,,,
3868,335,1,NORMAL_335_Nehrunagar Depot To Jambe_Up-0515_1,Nehrunagar Depot To Jambe,,,,,
5057,336,1,NORMAL_336_Pimpri Depot To Bhakti Shakti_Up-0515_0,Pimpri Depot To Bhakti Shakti,,,,,
4985,337,1,NORMAL_337_Bhakti Shakti To Swargate_Down-0530_0,Bhakti Shakti To Swargate,,,,,
4927,338,1,NORMAL_338_Ma Na Pa Main Bus Stand To Sawtamali Mandir Chikhli_Up-0545_0,Ma Na Pa Main Bus Stand To Sawtamali Mandir Chikhli,,,,,
4781,339,1,NORMAL_339_Santnagar MIDC Police Station To Katraj_Down-0715_0,Santnagar MIDC Police Station To Katraj,,,,,
4780,339,1,NORMAL_339_Katraj To Santnagar MIDC Police Station_Up-0850_0,Katraj To Santnagar MIDC Police Station,,,,,
4267,340,1,NORMAL_340_Nigdi To Charholigaon_Up-0515_0,Nigdi To Charholigaon,,,,,
3307,341,1,NORMAL_341_Mohannagar to Ma Na Pa_Down-0715_0,Mohannagar to Ma Na Pa,,,,,
4272,342,1,NORMAL_342_Pimpri Depot To Dange Chowk Vai Telco Road_Up-0730_0,Pimpri Depot To Dange Chowk Vai Telco Road,,,,,
4153,343,1,NORMAL_343_Vadgaon Mawal To Chakan Ambethan Chowk_Up-0615_0,Vadgaon Mawal To Chakan Ambethan Chowk,,,,,
4155,343,1,NORMAL_343_Chakan Ambethan Chowk To Vadgaon Mawal_Down-0735_0,Chakan Ambethan Chowk To Vadgaon Mawal,,,,,
3903,344,1,NORMAL_344_Alandi To Pimple Nilakh_Up-0610_0,Alandi To Pimple Nilakh,,,,,
3902,344,1,NORMAL_344_Pimple Nilakh To Alandi_Down-0650_0,Pimple Nilakh To Alandi,,,,,
4283,345,1,NORMAL_345_Nigdi To Thergaon_Down-0530_0,Nigdi To Thergaon,,,,,
4415,346,1,NORMAL_346_Bhosari To Wagholi_Down-0535_0,Bhosari To Wagholi,,,,,
3995,347,1,NORMAL_347_Dapodi To Alandi_Down-0600_0,Dapodi To Alandi,,,,,
4785,348,1,NORMAL_348_Nigdi To Pune Station_Down-0520_0,Nigdi To Pune Station,,,,,
4916,351,1,NORMAL_351_Jambe To Alandi_Down-0625_0,Jambe To Alandi,,,,,
3998,354,1,NORMAL_354_Pimprigaon To Marketyard_Down-0530_0,Pimprigaon To Marketyard,,,,,
4902,355,1,NORMAL_355_Chikhali To Dange Chowk_Down-0620_0,Chikhali To Dange Chowk,,,,,
4841,357,1,NORMAL_357_Bhosari Terminal To Pune Station_Down-0445_0,Bhosari Terminal To Pune Station,,,,,
3817,358,1,NORMAL_358_Bhosari To Rajgurunagar_Up-0440_0,Bhosari To Rajgurunagar,,,,,
4962,359,1,NORMAL_359_Bhosari PMT Chowk To Nirgudigaon Via Charholi Phata_Down-0545_0,Bhosari PMT Chowk To Nirgudigaon Via Charholi Phata,,,,,
4867,360,1,NORMAL_360_Balewadi Depot To Alandi_Down-0700_0,Balewadi Depot To Alandi,,,,,
3911,361,1,NORMAL_361_Bhosari Terminal To Alandi_Down-0605_0,Bhosari Terminal To Alandi,,,,,
3910,361,1,NORMAL_361_Alandi To Bhosari Terminal_Up-2120_0,Alandi To Bhosari Terminal,,,,,
4003,362,1,NORMAL_362_YCM Hospital To Alandi_Down-0705_0,YCM Hospital To Alandi,,,,,
3958,363,1,NORMAL_363_Nigdi To Adarshnagar_Up-0605_0,Nigdi To Adarshnagar,,,,,
4448,365,1,NORMAL_365_Hinjawadi Maan Phase 3 To Vadgaon Mawal_Up-0635_0,Hinjawadi Maan Phase 3 To Vadgaon Mawal,,,,,
4795,366,1,NORMAL_366_Bhakti Shakti To Pune Station (Via Yerwada)_Down-0530_0,Bhakti Shakti To Pune Station (Via Yerwada),,,,,
4794,366,1,NORMAL_366_Pune Station To Bhakti Shakti (Via Yerwada)_Up-0630_0,Pune Station To Bhakti Shakti (Via Yerwada),,,,,
3921,367,1,NORMAL_367_Nigdi To Gavhanevasti Bhosari_Up-2250_0,Nigdi To Gavhanevasti Bhosari,,,,,
4934,368,1,NORMAL_368_Nigdi To Kamshet_Up-0510_0,Nigdi To Kamshet,,,,,
4935,368,1,NORMAL_368_Kamshet To Nigdi_Down-0625_0,Kamshet To Nigdi,,,,,
4222,369,1,NORMAL_369_Bhakti Shakti To Bhamchandra Vidhyalay Vasuli_Up-0610_0,Bhakti Shakti To Bhamchandra Vidhyalay Vasuli,,,,,
4450,371,1,NORMAL_371_Nigdi To Pimprigaon_Down-0545_0,Nigdi To Pimprigaon,,,,,
4906,372,1,NORMAL_372_Bhakti Shakti To Hinjawadi Maan Phase 3_Up-0535_1,Bhakti Shakti To Hinjawadi Maan Phase 3,,,,,
4293,374,1,NORMAL_374_Nigdi To Sai Nagar_Up-1855_0,Nigdi To Sai Nagar,,,,,
3926,376,1,NORMAL_376_Bhakti Shakti To Sambhaji Nagar_Up-0530_0,Bhakti Shakti To Sambhaji Nagar,,,,,
4839,376,1,NORMAL_376_Sambhajinagar To Katraj_Down-0545_0,Sambhajinagar To Katraj,,,,,
4462,377,1,NORMAL_377_Gharkul Vasahat To YCM Hospital_Down-0600_0,Gharkul Vasahat To YCM Hospital,,,,,
4250,378,1,NORMAL_378_Pimpri Depot To Vasantdada Putla Sangvi_Up-0515_0,Pimpri Depot To Vasantdada Putla Sangvi,,,,,
4246,378,1,NORMAL_378_Vasantdada Putla Sangvi via Katepuram Phugewadi to Bhosari Terminal_Up-0615_0,Vasantdada Putla Sangvi via Katepuram Phugewadi to Bhosari Terminal,,,,,
4957,379,1,NORMAL_379_Pimprigaon To Hinjawadi Maan Phase 3_Up-0600_0,Pimprigaon To Hinjawadi Maan Phase 3,,,,,
4955,380,1,NORMAL_380_Bhosari Terminal To Hinjawadi Maan Phase 3_Up-0605_0,Bhosari Terminal To Hinjawadi Maan Phase 3,,,,,
4507,401,4,NORMAL_401_Venkateshwara To Swargate_Down-1205_0,Venkateshwara To Swargate,,,,,
4469,501,4,NORMAL_501_Kothrud Depo To Kanned School (Manglwar peth)_Up-0630_0,Kothrud Depo To Kanned School (Manglwar peth),,,,,
4423,601,4,NORMAL_601_Khadak Wasla To Renuka Swaroop School_Down-1030_0,Khadak Wasla To Renuka Swaroop School,,,,,
4407,801,4,NORMAL_801_GhokulNagar To Viddya Niketan (ChandraBhaga Nagar)_Up-0640_0,GhokulNagar To Viddya Niketan (ChandraBhaga Nagar),,,,,
4687,901,4,NORMAL_901_Kondhwa (Sheetal Petrol Pump) To Pune Station Urdu Vidyaniketan shala 12_Up-0630_0,Kondhwa (Sheetal Petrol Pump) To Pune Station Urdu Vidyaniketan shala 12,,,,,
3806,103M,1,NORMAL_103M_Katraj To MIT College_Up-1635_0,Katraj To MIT College,,,,,
3275,115P,1,NORMAL_115P_Pune Station to Hinjawadi Phase 3_Up-0550_0,Pune Station to Hinjawadi Phase 3,,,,,
3277,115P,1,NORMAL_115P_Hinjawadi Phase 3 to Pune Station_Down-1445_0,Hinjawadi Phase 3 to Pune Station,,,,,
3795,117A,1,NORMAL_117A_Swargate To DSK Vishwa_Up-0715_0,Swargate To DSK Vishwa,,,,,
3799,117B,1,NORMAL_117B_Swargate To Shree Control_Up-1645_0,Swargate To Shree Control,,,,,
3802,117C,1,NORMAL_117C_Swargate To Raykarmala_Up-1735_0,Swargate To Raykarmala,,,,,
3793,118B,1,NORMAL_118B_Swargate To Vadgaon Bk_Up-0555_0,Swargate To Vadgaon Bk,,,,,
3788,122B,1,NORMAL_122B_Chinchwadgaon To Nehrunagar Depo_Down-2200_0,Chinchwadgaon To Nehrunagar Depo,,,,,
4085,126B,1,NORMAL_126B_Kamalpark To Pimplenilakh_Up-0610_0,Kamalpark To Pimplenilakh,,,,,
4087,126D,1,NORMAL_126D_Khadki Bazar To Vishrantwadi_Up-2250_0,Khadki Bazar To Vishrantwadi,,,,,
3456,130A,1,NORMAL_130A_Yewalewadi To Katraj_Down-1420_0,Yewalewadi To Katraj,,,,,
3749,13A,1,NORMAL_13A_Shivajinagar To VIT College_Down-0915_0,Shivajinagar To VIT College,,,,,
3754,143A,1,NORMAL_143A_Galinde Path To Pune Station (Vai Nal Stop)_Up-0810_0,Galinde Path To Pune Station (Vai Nal Stop),,,,,
3750,145A,1,NORMAL_145A_Pune Station To D2 Circle_Up-0530_0,Pune Station To D2 Circle,,,,,
3153,148A,1,NORMAL_148A_Bhekarai Depot To Bhosari Terminal_Up-0545_0,Bhekarai Depot To Bhosari Terminal,,,,,
3756,158A(NEW),1,NORMAL_158A(NEW)_Ma Na Pa Dengle Pul To Dadachi Padal_Up-0540_0,Ma Na Pa Dengle Pul To Dadachi Padal,,,,,
3882,158B,1,NORMAL_158B_Ma Na Pa To D.Y. Patil Vidhypith Lohgaon_Up-0850_0,Ma Na Pa To D.Y. Patil Vidhypith Lohgaon,,,,,
3760,170B,1,NORMAL_170B_Pune Station To Kondhwa Hospital_Up-0605_0,Pune Station To Kondhwa Hospital,,,,,
3769,17A,1,NORMAL_17A_Natraj Stand To Narhegaon_Up-0530_0,Natraj Stand To Narhegaon,,,,,
3400,17B,6,NORMAL_17B_Swargate To Shaniwarwada Stand_Up-0625_0,Swargate To Shaniwarwada Stand,,,,,
3777,181C,1,NORMAL_181C_Na Ta Wadi To Kondhwa Bk_Up-0535_0,Na Ta Wadi To Kondhwa Bk,,,,,
3783,186A,1,NORMAL_186A_Swargate To Jspm College_Down-1440_0,Swargate To Jspm College,,,,,
3393,19A,1,NORMAL_19A_Marketyard To Shivajinagar_Up-0530_0,Marketyard To Shivajinagar,,,,,
3440,19D,1,NORMAL_19D_Shivajinagar To Trinity College_Down-1505_0,Shivajinagar To Trinity College,,,,,
3702,200A,1,NORMAL_200A_Hadapsar Gadital To Sadesatranali_Down-0800_0,Hadapsar Gadital To Sadesatranali,,,,,
3701,200A,1,NORMAL_200A_Sadesatranali To Hadapsar Gadital_Up-1945_0,Sadesatranali To Hadapsar Gadital,,,,,
4350,203P,1,NORMAL_203P_Pune Station To Shewalwadi_Down-0625_0,Pune Station To Shewalwadi,,,,,
3704,20B,1,NORMAL_20B_Swargate To Hadapsar Gadital_Up-1215_0,Swargate To Hadapsar Gadital,,,,,
3708,216A,1,NORMAL_216A_Mandai To Katraj_Down-0940_0,Mandai To Katraj,,,,,
3710,216B,1,NORMAL_216B_Bharati Vidyapeeth To Pune Vidhyapeeth_Up-0910_0,Bharati Vidyapeeth To Pune Vidhyapeeth,,,,,
3712,216C,1,NORMAL_216C_Bharati Vidyapeeth To Mandai_Up-0905_0,Bharati Vidyapeeth To Mandai,,,,,
4431,22A,1,NORMAL_22A_Swargate To Khandoba Mandir_Up-0545_0,Swargate To Khandoba Mandir,,,,,
4026,277A,1,NORMAL_277A_Kothrud Stand To Kondhwagate_Down-0525_0,Kothrud Stand To Kondhwagate,,,,,
4025,277A,1,NORMAL_277A_Kondhwagate To Kothrud Stand_Up-2140_0,Kondhwagate To Kothrud Stand,,,,,
4089,279A,1,NORMAL_279A_Kothrud Depo To Khamboli_Up-0535_0,Kothrud Depo To Khamboli,,,,,
3733,292A,1,NORMAL_292A_Kalyangaon To Swargate_Down-0550_0,Kalyangaon To Swargate,,,,,
3734,292B,1,NORMAL_292B_Swargate To Rahatwadegaon_Up-1330_0,Swargate To Rahatwadegaon,,,,,
3736,292C,1,NORMAL_292C_Swargate To Avsarwadi_Up-0525_0,Swargate To Avsarwadi,,,,,
2259,293A,1,NORMAL_293A_Swargate To Kusgaon_Up-1630_0,Swargate To Kusgaon,,,,,
3738,295A,1,NORMAL_295A_Katraj To Ambegaon_Up-0540_0,Katraj To Ambegaon,,,,,
4637,295B,1,NORMAL_295B_Pune Station To Katraj_Down-2010_0,Pune Station To Katraj,,,,,
3673,296A,1,NORMAL_296A_Katraj To Jambhulwadi_Up-0520_0,Katraj To Jambhulwadi,,,,,
3497,2H,1,NORMAL_2H_Shivajinagar To Sachchai Mata Mandir_Up-0815_0,Shivajinagar To Sachchai Mata Mandir,,,,,
3484,2I,1,NORMAL_2I_Pune Vidhyapeeth To Katraj_Down-1030_0,Pune Vidhyapeeth To Katraj,,,,,
3480,2I,1,NORMAL_2I_Katraj To Pune Vidhyapeeth_Up-0925_0,Katraj To Pune Vidhyapeeth,,,,,
3476,2J,1,NORMAL_2J_Katraj To Bhilarewadi_Up-0620_0,Katraj To Bhilarewadi,,,,,
3475,2L,1,NORMAL_2L_Katraj To Narhegaon_Down-0610_0,Katraj To Narhegaon,,,,,
4041,302A(New),1,NORMAL_302A(New)_Alandi To Pimprigaon_Down-0620_0,Alandi To Pimprigaon,,,,,
4050,302B,1,NORMAL_302B_Pimprigaon To Bopkhel_Up-0615_0,Pimprigaon To Bopkhel,,,,,
3681,302C,1,NORMAL_302C_Gavhanevasti Bhosari To Nehrunagar Depo_Down-2015_0,Gavhanevasti Bhosari To Nehrunagar Depo,,,,,
4437,302D,1,NORMAL_302D_Pimprigaon To Nehrunagar Depo_Down-2110_0,Pimprigaon To Nehrunagar Depo,,,,,
4436,302D,1,NORMAL_302D_Nehrunagar Depo To Pimprigaon_Up-0530_0,Nehrunagar Depo To Pimprigaon,,,,,
4045,304A,1,NORMAL_304A_Nehrunagar Depo To Bhosari_Up-0520_1,Nehrunagar Depo To Bhosari,,,,,
3893,305B,1,NORMAL_305B_Nigdi To Navlakh Umbre_Up-0550_0,Nigdi To Navlakh Umbre,,,,,
4066,313A,1,NORMAL_313A_Chinchwadgaon To Kasarsai Karkhana_Up-1740_0,Chinchwadgaon To Kasarsai Karkhana,,,,,
3963,323B,1,NORMAL_323B_Nehrunagar Depo To Chikhali_Up-0550_1,Nehrunagar Depo To Chikhali,,,,,
3972,326A,1,NORMAL_326A_Chikhali To Nehrunagar Depo_Down-2100_0,Chikhali To Nehrunagar Depo,,,,,
3984,327A,1,NORMAL_327A_Nehrunagar Depo To Hinjawadi Maan Phase 3_Up-0820_0,Nehrunagar Depo To Hinjawadi Maan Phase 3,,,,,
3978,327C,1,NORMAL_327C_Nehrunagar Depo To Alandi_Up-0545_0,Nehrunagar Depo To Alandi,,,,,
3855,331C,1,NORMAL_331C_Nehrunagar Depo To Rahatnigaon_Up-0620_0,Nehrunagar Depo To Rahatnigaon,,,,,
3853,331D,1,NORMAL_331D_Charholigaon To Nehrunagar Depo_Up-0620_0,Charholigaon To Nehrunagar Depo,,,,,
3867,335A,1,NORMAL_335A_Jambe To Dange Chowk_Down-0610_0,Jambe To Dange Chowk,,,,,
3686,350B,8,NORMAL_350B_Bhakti Shakti To Pimprigaon_Down-0635_0,Bhakti Shakti To Pimprigaon,,,,,
4006,362A,1,NORMAL_362A_Alandi To YCM Hospital (Via Moshi)_Down-0750_0,Alandi To YCM Hospital (Via Moshi),,,,,
3956,363A,1,NORMAL_363A_Nigdi To Kiwalegaon_Up-0545_0,Nigdi To Kiwalegaon,,,,,
3957,363A,1,NORMAL_363A_Kiwalegaon To Nigdi_Down-0615_0,Kiwalegaon To Nigdi,,,,,
4460,367C,1,NORMAL_367C_Akurdi Railway Station To Bhosari_Down-1225_0,Akurdi Railway Station To Bhosari,,,,,
4459,367C,1,NORMAL_367C_Bhosari To Akurdi Railway Station_Up-0545_0,Bhosari To Akurdi Railway Station,,,,,
4950,43A,1,NORMAL_43A_Katraj To Hinjawadi Phase 3_Up-0705_0,Katraj To Hinjawadi Phase 3,,,,,
4947,43A,1,NORMAL_43A_Hinjawadi Phase 3 To Katraj_Down-0825_0,Hinjawadi Phase 3 To Katraj,,,,,
2402,47A,6,NORMAL_47A_Shaniwarwada Stand To Vadgaon Bk_Up-2210_0,Shaniwarwada Stand To Vadgaon Bk,,,,,
2450,50B,6,NORMAL_50B_Natraj Stand To Sinhgad Paytha_Up-0520_0,Natraj Stand To Sinhgad Paytha,,,,,
3238,52A,1,NORMAL_52A_Osade Phata To Swargate_Down-0615_0,Osade Phata To Swargate,,,,,
2806,52B,1,NORMAL_52B_Khanapur To Marketyard_Down-0615_0,Khanapur To Marketyard,,,,,
2477,57A,1,NORMAL_57A_Pune Station To Suncity_Up-0610_1,Pune Station To Suncity,,,,,
2770,68S,1,NORMAL_68S_Upper Depot To Sutardara_Down-0740_0,Upper Depot To Sutardara,,,,,
3606,70A,1,NORMAL_70A_Shasakiya Vishramgruha Paudgaon To Deccan Gymkhana_Down-0610_0,Shasakiya Vishramgruha Paudgaon To Deccan Gymkhana,,,,,
3607,70B,1,NORMAL_70B_Kothrud Depot To Shasakiya Vishramgruha Paudgaon_Up-0520_0,Kothrud Depot To Shasakiya Vishramgruha Paudgaon,,,,,
3611,70C,1,NORMAL_70C_Sheregaon To Kothrud Depot_Down-2010_0,Sheregaon To Kothrud Depot,,,,,
3224,82A,1,NORMAL_82A_Warje Malwadi To Ma Na Pa_Up-0615_0,Warje Malwadi To Ma Na Pa,,,,,
2378,84B,1,NORMAL_84B_Kothrud Stand To Sangrun_Up-0520_0,Kothrud Stand To Sangrun,,,,,
3212,85A,1,NORMAL_85A_Khothrud Stand To Mohakarwadi_Up-0615_0,Khothrud Stand To Mohakarwadi,,,,,
3006,87C,1,NORMAL_87C_HMR Company To Deccan Gymkhana_Down-0840_0,HMR Company To Deccan Gymkhana,,,,,
3268,87D,1,NORMAL_87D_Sutarwadi Pashan To Deccan Gymkhana (Vai Sai Chowk)_Down-0745_0,Sutarwadi Pashan To Deccan Gymkhana (Vai Sai Chowk),,,,,
4698,87F,1,NORMAL_87F_Mhalunge Phata Balewadi To Deccan Gymkhana_Down-0550_0,Mhalunge Phata Balewadi To Deccan Gymkhana,,,,,
4384,AC2,5,NORMAL_AC2_Nigdi To Hadapsar Gadital_Down-2010_0,Nigdi To Hadapsar Gadital,,,,,
5029,HA,1,NORMAL_HA_Pune Station To Pune Airport_Down-0630_0,Pune Station To Pune Airport,,,,,
4557,RATRANI1,1,NORMAL_RATRANI1_Katraj To Shivajinagar Night Service_Up-2330_0,Katraj To Shivajinagar Night Service,,,,,
4561,RATRANI2,1,NORMAL_RATRANI2_Katraj To Pune Station_Up-2300_0,Katraj To Pune Station,,,,,
4568,RATRANI3,1,NORMAL_RATRANI3_Hadapsar Gadital To Swargate_Down-2100_0,Hadapsar Gadital To Swargate,,,,,
4565,RATRANI4,1,NORMAL_RATRANI4_Hadapsar Gadital To Pune station_Up-2250_0,Hadapsar Gadital To Pune station,,,,,
4665,RATRANI7,1,NORMAL_RATRANI7_Pune station To Kondhwa gate_Up-2300_0,Pune station To Kondhwa gate,,,,,
4573,RATRANI9,1,NORMAL_RATRANI9_Pune station To Kesnand phata_Up-2315_0,Pune station To Kesnand phata,,,,,
4365,VJR1,1,NORMAL_VJR1_Dhayari Maruti Mandir To Hadapsar Gadital_Down-0555_0,Dhayari Maruti Mandir To Hadapsar Gadital,,,,,
3357,VJR2,1,NORMAL_VJR2_Warje Malwadi To Kesnand Phata_Up-0445_0,Warje Malwadi To Kesnand Phata,,,,,
3302,VJR4,1,NORMAL_VJR4_Kothrud Depot To Vishrantwadi_Up-0500_0,Kothrud Depot To Vishrantwadi,,,,,
3290,VJR5,1,NORMAL_VJR5_Ma Na Pa To Mukai Chowk_Up-0610_0,Ma Na Pa To Mukai Chowk,,,,,
